method,runtime_seconds,trustworthiness,silhouette
pca,0.04333128599682823,0.9457187745483111,-0.4245544970035553
umap,14.417439277000085,0.9724816463491509,-0.261142760515213
tsne,1.2575719379965449,0.9824032857156711,-0.287145733833313
pacmap,13.459629932003736,0.970431953293959,-0.23256900906562805
mds,0.22285884300072212,0.7154767100171657,-0.24701969732059553
localmap,0.9408086749972426,0.9725946291932153,-0.24753695726394653
